Feature,Importance
resource_cost_usd,0.19981880592373322
est_dev_time_days,0.19034030998513307
qa_effort_days,0.14799604773596917
design_effort_days,0.14249445679711348
infra_dependencies_count,0.0827617338164311
complexity_score,0.07136458765430195
tech_risk_score,0.06562323029677117
num_teams_required,0.05299303593639013
integration_needed,0.02402198475300004
deployment_complexity,0.022585807101156825
