Feature,Importance
cost_savings_usd,0.16662416426980625
num_users_impacted,0.1624827099173841
revenue_potential_usd,0.15956012079401505
time_saved_per_user_minutes,0.13282380249754416
user_demand_score,0.08267854091162462
business_impact_score,0.08225026475295269
feature_adoption_likelihood,0.05366229510802681
customer_satisfaction_impact,0.05359814066863605
scalability_potential_score,0.05346508338888313
market_differentiation_score,0.05285487769112721
